542767094,"Бальзам MINT для губ і не тільки
Бальзам MINT для губ і не тільки
Бальзам MINT для губ і не тільки
Total Price: 690 грн"
542767094,"SHINE твердий бальзам кондиціонер
Total Price: 117 грн"
542767094,"Бальзам MINT для губ і не тільки
Бальзам MINT для губ і не тільки
Загальна вартість: 460 грн"
542767094,"Фізіологічний дезодорант FOREST
Загальна вартість: 385 грн"
542767094,"Фізіологічний дезодорант PURE
Загальна вартість: 385 грн"
890701722,6536732567,Фізіологічний дезодорант SUN (x2),770
890701722,Hello,"Бальзам CITRUS для губ і не тільки (x2), WILD Твердий шампунь для нормальної та схильної до жирності шкіри голови (x2)",700
